{"age":39,"full_name":"Shelley Bangs","gender":"Female"}
{"age":32,"full_name":"Sally Penylton","gender":"Female"}
{"age":39,"full_name":"Janot Maxfield","gender":"Female"}
{"age":28,"full_name":"Isaak Taynton","gender":"Male"}
{"age":36,"full_name":"Pavel Braund","gender":"Male"}
{"age":43,"full_name":"Eleanore Seaton","gender":"Female"}
{"age":46,"full_name":"Ely Fullilove","gender":"Male"}
{"age":23,"full_name":"Deeann Moon","gender":"Female"}
{"age":27,"full_name":"Niels Milam","gender":"Male"}
{"age":23,"full_name":"Lorne Cuxson","gender":"Female"}
{"age":false,"full_name":"Robbyn Narrie","gender":"Female"}
{"age":true,"full_name":"Clyde Marney","gender":"Male"}
{"age":false,"full_name":"Frankie Semble","gender":"Male"}
{"age":true,"full_name":"Aggy Reditt","gender":"Female"}
{"age":true,"full_name":"Fionna Dozdill","gender":"Female"}
{"age":true,"full_name":"Erroll Hallut","gender":"Male"}
{"age":true,"full_name":"Gayle Terrell","gender":"Female"}
{"age":true,"full_name":"Lucita Garthside","gender":"Female"}
{"age":true,"full_name":"Renaud Djurkovic","gender":"Male"}
{"age":false,"full_name":"Joellen Strick","gender":"Female"}
